province_id,province_code,province_name,city_id,city_code,city_name
1,2100,Kepulauan Riau,152,2106,KAB. BINTAN
1,2100,Kepulauan Riau,148,2101,KAB. KARIMUN
1,2100,Kepulauan Riau,149,2103,KAB. NATUNA
1,2100,Kepulauan Riau,153,2171,KOTA BATAM
1,2100,Kepulauan Riau,154,2172,KOTA TANJUNG PINANG
2,1100,Aceh,7,1107,KAB. ACEH BARAT
2,1100,Aceh,12,1112,KAB. ACEH BARAT DAYA
2,1100,Aceh,8,1108,KAB. ACEH BESAR
2,1100,Aceh,16,1116,KAB. ACEH JAYA
2,1100,Aceh,3,1103,KAB. ACEH SELATAN
2,1100,Aceh,2,1102,KAB. ACEH SINGKIL
2,1100,Aceh,14,1114,KAB. ACEH TAMIANG
2,1100,Aceh,6,1106,KAB. ACEH TENGAH
2,1100,Aceh,4,1104,KAB. ACEH TENGGARA
2,1100,Aceh,5,1105,KAB. ACEH TIMUR
2,1100,Aceh,11,1111,KAB. ACEH UTARA
2,1100,Aceh,17,1117,KAB. BENER MERIAH
2,1100,Aceh,10,1110,KAB. BIREUEN
2,1100,Aceh,13,1113,KAB. GAYO LUES
2,1100,Aceh,15,1115,KAB. NAGAN RAYA
2,1100,Aceh,9,1109,KAB. PIDIE
2,1100,Aceh,18,1118,KAB. PIDIE JAYA
2,1100,Aceh,1,1101,KAB. SIMEULUE
2,1100,Aceh,19,1171,KOTA BANDA ACEH
2,1100,Aceh,21,1173,KOTA LANGSA
2,1100,Aceh,22,1174,KOTA LHOKSEUMAWE
2,1100,Aceh,20,1172,KOTA SABANG
2,1100,Aceh,23,1175,KOTA SUBULUSSALAM
3,1200,Sumatera Utara,51,1275,KOTA MEDAN
4,1300,Sumatera Barat,63,1307,KAB. AGAM
4,1300,Sumatera Barat,67,1311,KAB. DHARMASRAYA
4,1300,Sumatera Barat,57,1301,KAB. KEPULAUAN MENTAWAI
4,1300,Sumatera Barat,64,1308,KAB. LIMA PULUH KOTA
4,1300,Sumatera Barat,62,1306,KAB. PADANG PARIAMAN
4,1300,Sumatera Barat,65,1309,KAB. PASAMAN
4,1300,Sumatera Barat,68,1312,KAB. PASAMAN BARAT
4,1300,Sumatera Barat,58,1302,KAB. PESISIR SELATAN
4,1300,Sumatera Barat,60,1304,KAB. SIJUNJUNG
4,1300,Sumatera Barat,59,1303,KAB. SOLOK
4,1300,Sumatera Barat,66,1310,KAB. SOLOK SELATAN
4,1300,Sumatera Barat,61,1305,KAB. TANAH DATAR
4,1300,Sumatera Barat,73,1375,KOTA BUKITTINGGI
4,1300,Sumatera Barat,69,1371,KOTA PADANG
4,1300,Sumatera Barat,72,1374,KOTA PADANG PANJANG
4,1300,Sumatera Barat,75,1377,KOTA PARIAMAN
4,1300,Sumatera Barat,74,1376,KOTA PAYAKUMBUH
4,1300,Sumatera Barat,71,1373,KOTA SAWAHLUNTO
4,1300,Sumatera Barat,70,1372,KOTA SOLOK
4,1500,Sumatera Barat,98,1572,KOTA SUNGAI PENUH
5,1400,Riau,83,1408,KAB. BENGKALIS
5,1400,Riau,78,1403,KAB. INDRAGIRI HILIR
5,1400,Riau,77,1402,KAB. INDRAGIRI HULU
5,1400,Riau,81,1406,KAB. KAMPAR
5,1400,Riau,85,1410,KAB. KEPULAUAN MERANTI
5,1400,Riau,76,1401,KAB. KUANTAN SINGINGI
5,1400,Riau,79,1404,KAB. PELALAWAN
5,1400,Riau,84,1409,KAB. ROKAN HILIR
5,1400,Riau,82,1407,KAB. ROKAN HULU
5,1400,Riau,80,1405,KAB. SIAK
5,1400,Riau,87,1473,KOTA DUMAI
5,1400,Riau,86,1471,KOTA PEKANBARU
6,1500,Jambi,91,1504,KAB. BATANGHARI
6,1500,Jambi,96,1509,KAB. BUNGO
6,1500,Jambi,89,1502,KAB. MERANGIN
6,1500,Jambi,92,1505,KAB. MUARO JAMBI
6,1500,Jambi,90,1503,KAB. SAROLANGUN
6,1500,Jambi,94,1507,KAB. TANJUNG JABUNG BARAT
6,1500,Jambi,93,1506,KAB. TANJUNG JABUNG TIMUR
6,1500,Jambi,95,1508,KAB. TEBO
6,1500,Jambi,97,1571,KOTA JAMBI
7,1600,Sumatera Selatan,105,1607,KAB. BANYUASIN
7,1600,Sumatera Selatan,102,1604,KAB. LAHAT
7,1600,Sumatera Selatan,101,1603,KAB. MUARA ENIM
7,1600,Sumatera Selatan,104,1606,KAB. MUSI BANYUASIN
7,1600,Sumatera Selatan,103,1605,KAB. MUSI RAWAS
7,1600,Sumatera Selatan,111,1613,KAB. MUSI RAWAS UTARA
7,1600,Sumatera Selatan,108,1610,KAB. OGAN ILIR
7,1600,Sumatera Selatan,100,1602,KAB. OGAN KOMERING ILIR
7,1600,Sumatera Selatan,99,1601,KAB. OGAN KOMERING ULU
7,1600,Sumatera Selatan,106,1608,KAB. OGAN KOMERING ULU SELATAN
7,1600,Sumatera Selatan,107,1609,KAB. OGAN KOMERING ULU TIMUR
7,1600,Sumatera Selatan,115,1674,KOTA LUBUK LINGGAU
7,1600,Sumatera Selatan,114,1673,KOTA PAGAR ALAM
7,1600,Sumatera Selatan,112,1671,KOTA PALEMBANG
7,1600,Sumatera Selatan,113,1672,KOTA PRABUMULIH
8,1700,Bengkulu,116,1701,KAB. BENGKULU SELATAN
8,1700,Bengkulu,124,1710,KAB. BENGKULU TENGAH
8,1700,Bengkulu,118,1703,KAB. BENGKULU UTARA
8,1700,Bengkulu,119,1704,KAB. KAUR
8,1700,Bengkulu,123,1708,KAB. KEPAHIANG
8,1700,Bengkulu,122,1707,KAB. LEBONG
8,1700,Bengkulu,121,1706,KAB. MUKO MUKO
8,1700,Bengkulu,117,1702,KAB. REJANG LEBONG
8,1700,Bengkulu,120,1705,KAB. SELUMA
8,1700,Bengkulu,125,1771,KOTA BENGKULU
9,1800,Lampung,126,1801,KAB. LAMPUNG BARAT
9,1800,Lampung,128,1803,KAB. LAMPUNG SELATAN
9,1800,Lampung,130,1805,KAB. LAMPUNG TENGAH
9,1800,Lampung,129,1804,KAB. LAMPUNG TIMUR
9,1800,Lampung,131,1806,KAB. LAMPUNG UTARA
9,1800,Lampung,136,1811,KAB. MESUJI
9,1800,Lampung,134,1809,KAB. PESAWARAN
9,1800,Lampung,135,1810,KAB. PRINGSEWU
9,1800,Lampung,127,1802,KAB. TANGGAMUS
9,1800,Lampung,133,1808,KAB. TULANG BAWANG
9,1800,Lampung,137,1812,KAB. TULANG BAWANG BARAT
9,1800,Lampung,132,1807,KAB. WAY KANAN
9,1800,Lampung,139,1871,KOTA BANDAR LAMPUNG
9,1800,Lampung,140,1872,KOTA METRO
10,1900,Bangka-Belitung,141,1901,KAB. BANGKA
10,1900,Bangka-Belitung,143,1903,KAB. BANGKA BARAT
10,1900,Bangka-Belitung,145,1905,KAB. BANGKA SELATAN
10,1900,Bangka-Belitung,144,1904,KAB. BANGKA TENGAH
10,1900,Bangka-Belitung,142,1902,KAB. BELITUNG
10,1900,Bangka-Belitung,146,1906,KAB. BELITUNG TIMUR
10,1900,Bangka-Belitung,147,1971,KOTA PANGKAL PINANG
11,3100,D K I Jakarta,155,3101,KAB. ADM. KEP. SERIBU
11,3100,D K I Jakarta,159,3174,KOTA ADM. JAKARTA BARAT
11,3100,D K I Jakarta,158,3173,KOTA ADM. JAKARTA PUSAT
11,3100,D K I Jakarta,156,3171,KOTA ADM. JAKARTA SELATAN
11,3100,D K I Jakarta,157,3172,KOTA ADM. JAKARTA TIMUR
11,3100,D K I Jakarta,160,3175,KOTA ADM. JAKARTA UTARA
12,3200,Jawa Barat,164,3204,KAB. BANDUNG
12,3200,Jawa Barat,177,3217,KAB. BANDUNG BARAT
12,3200,Jawa Barat,176,3216,KAB. BEKASI
12,3200,Jawa Barat,161,3201,KAB. BOGOR
12,3200,Jawa Barat,167,3207,KAB. CIAMIS
12,3200,Jawa Barat,163,3203,KAB. CIANJUR
12,3200,Jawa Barat,169,3209,KAB. CIREBON
12,3200,Jawa Barat,165,3205,KAB. GARUT
12,3200,Jawa Barat,172,3212,KAB. INDRAMAYU
12,3200,Jawa Barat,175,3215,KAB. KARAWANG
12,3200,Jawa Barat,168,3208,KAB. KUNINGAN
12,3200,Jawa Barat,170,3210,KAB. MAJALENGKA
12,3200,Jawa Barat,178,3218,KAB. PANGANDARAN
12,3200,Jawa Barat,174,3214,KAB. PURWAKARTA
12,3200,Jawa Barat,173,3213,KAB. SUBANG
12,3200,Jawa Barat,162,3202,KAB. SUKABUMI
12,3200,Jawa Barat,171,3211,KAB. SUMEDANG
12,3200,Jawa Barat,166,3206,KAB. TASIKMALAYA
12,3200,Jawa Barat,181,3273,KOTA BANDUNG
12,3200,Jawa Barat,187,3279,KOTA BANJAR
12,3200,Jawa Barat,183,3275,KOTA BEKASI
12,3200,Jawa Barat,179,3271,KOTA BOGOR
12,3200,Jawa Barat,185,3277,KOTA CIMAHI
12,3200,Jawa Barat,182,3274,KOTA CIREBON
12,3200,Jawa Barat,184,3276,KOTA DEPOK
12,3200,Jawa Barat,180,3272,KOTA SUKABUMI
12,3200,Jawa Barat,186,3278,KOTA TASIKMALAYA
13,3300,Jawa Tengah,191,3304,KAB. BANJARNEGARA
13,3300,Jawa Tengah,189,3302,KAB. BANYUMAS
13,3300,Jawa Tengah,212,3325,KAB. BATANG
13,3300,Jawa Tengah,203,3316,KAB. BLORA
13,3300,Jawa Tengah,196,3309,KAB. BOYOLALI
13,3300,Jawa Tengah,216,3329,KAB. BREBES
13,3300,Jawa Tengah,188,3301,KAB. CILACAP
13,3300,Jawa Tengah,208,3321,KAB. DEMAK
13,3300,Jawa Tengah,202,3315,KAB. GROBOGAN
13,3300,Jawa Tengah,207,3320,KAB. JEPARA
13,3300,Jawa Tengah,200,3313,KAB. KARANGANYAR
13,3300,Jawa Tengah,192,3305,KAB. KEBUMEN
13,3300,Jawa Tengah,211,3324,KAB. KENDAL
13,3300,Jawa Tengah,197,3310,KAB. KLATEN
13,3300,Jawa Tengah,206,3319,KAB. KUDUS
13,3300,Jawa Tengah,195,3308,KAB. MAGELANG
13,3300,Jawa Tengah,205,3318,KAB. PATI
13,3300,Jawa Tengah,213,3326,KAB. PEKALONGAN
13,3300,Jawa Tengah,214,3327,KAB. PEMALANG
13,3300,Jawa Tengah,190,3303,KAB. PURBALINGGA
13,3300,Jawa Tengah,193,3306,KAB. PURWOREJO
13,3300,Jawa Tengah,204,3317,KAB. REMBANG
13,3300,Jawa Tengah,209,3322,KAB. SEMARANG
13,3300,Jawa Tengah,201,3314,KAB. SRAGEN
13,3300,Jawa Tengah,198,3311,KAB. SUKOHARJO
13,3300,Jawa Tengah,215,3328,KAB. TEGAL
13,3300,Jawa Tengah,210,3323,KAB. TEMANGGUNG
13,3300,Jawa Tengah,199,3312,KAB. WONOGIRI
13,3300,Jawa Tengah,194,3307,KAB. WONOSOBO
13,3300,Jawa Tengah,217,3371,KOTA MAGELANG
13,3300,Jawa Tengah,221,3375,KOTA PEKALONGAN
13,3300,Jawa Tengah,219,3373,KOTA SALATIGA
13,3300,Jawa Tengah,220,3374,KOTA SEMARANG
13,3300,Jawa Tengah,218,3372,KOTA SURAKARTA
13,3300,Jawa Tengah,222,3376,KOTA TEGAL
14,3400,D I Yogyakarta,224,3402,KAB. BANTUL
14,3400,D I Yogyakarta,225,3403,KAB. GUNUNGKIDUL
14,3400,D I Yogyakarta,223,3401,KAB. KULON PROGO
14,3400,D I Yogyakarta,226,3404,KAB. SLEMAN
14,3400,D I Yogyakarta,227,3471,KOTA YOGYAKARTA
15,3500,Jawa Timur,253,3526,KAB. BANGKALAN
15,3500,Jawa Timur,237,3510,KAB. BANYUWANGI
15,3500,Jawa Timur,232,3505,KAB. BLITAR
15,3500,Jawa Timur,249,3522,KAB. BOJONEGORO
15,3500,Jawa Timur,238,3511,KAB. BONDOWOSO
15,3500,Jawa Timur,252,3525,KAB. GRESIK
15,3500,Jawa Timur,236,3509,KAB. JEMBER
15,3500,Jawa Timur,244,3517,KAB. JOMBANG
15,3500,Jawa Timur,233,3506,KAB. KEDIRI
15,3500,Jawa Timur,251,3524,KAB. LAMONGAN
15,3500,Jawa Timur,235,3508,KAB. LUMAJANG
15,3500,Jawa Timur,246,3519,KAB. MADIUN
15,3500,Jawa Timur,247,3520,KAB. MAGETAN
15,3500,Jawa Timur,234,3507,KAB. MALANG
15,3500,Jawa Timur,243,3516,KAB. MOJOKERTO
15,3500,Jawa Timur,245,3518,KAB. NGANJUK
15,3500,Jawa Timur,248,3521,KAB. NGAWI
15,3500,Jawa Timur,228,3501,KAB. PACITAN
15,3500,Jawa Timur,255,3528,KAB. PAMEKASAN
15,3500,Jawa Timur,241,3514,KAB. PASURUAN
15,3500,Jawa Timur,229,3502,KAB. PONOROGO
15,3500,Jawa Timur,240,3513,KAB. PROBOLINGGO
15,3500,Jawa Timur,254,3527,KAB. SAMPANG
15,3500,Jawa Timur,242,3515,KAB. SIDOARJO
15,3500,Jawa Timur,239,3512,KAB. SITUBONDO
15,3500,Jawa Timur,256,3529,KAB. SUMENEP
15,3500,Jawa Timur,230,3503,KAB. TRENGGALEK
15,3500,Jawa Timur,250,3523,KAB. TUBAN
15,3500,Jawa Timur,231,3504,KAB. TULUNGAGUNG
15,3500,Jawa Timur,265,3579,KOTA BATU
15,3500,Jawa Timur,258,3572,KOTA BLITAR
15,3500,Jawa Timur,257,3571,KOTA KEDIRI
15,3500,Jawa Timur,263,3577,KOTA MADIUN
15,3500,Jawa Timur,259,3573,KOTA MALANG
15,3500,Jawa Timur,262,3576,KOTA MOJOKERTO
15,3500,Jawa Timur,261,3575,KOTA PASURUAN
15,3500,Jawa Timur,260,3574,KOTA PROBOLINGGO
15,3500,Jawa Timur,264,3578,KOTA SURABAYA
16,3600,Banten,267,3602,KAB. LEBAK
16,3600,Banten,266,3601,KAB. PANDEGLANG
16,3600,Banten,269,3604,KAB. SERANG
16,3600,Banten,268,3603,KAB. TANGERANG
16,3600,Banten,271,3672,KOTA CILEGON
16,3600,Banten,273,3674,KOTA SERANG
16,3600,Banten,270,3671,KOTA TANGERANG
16,3600,Banten,272,3673,KOTA TANGERANG SELATAN
17,5100,Bali,276,5103,KAB. BADUNG
17,5100,Bali,279,5106,KAB. BANGLI
17,5100,Bali,281,5108,KAB. BULELENG
17,5100,Bali,277,5104,KAB. GIANYAR
17,5100,Bali,274,5101,KAB. JEMBRANA
17,5100,Bali,280,5107,KAB. KARANGASEM
17,5100,Bali,278,5105,KAB. KLUNGKUNG
17,5100,Bali,275,5102,KAB. TABANAN
17,5100,Bali,282,5171,KOTA DENPASAR
18,5200,Nusa Tenggara Barat,287,5205,KAB. DOMPU
18,5200,Nusa Tenggara Barat,283,5201,KAB. LOMBOK BARAT
18,5200,Nusa Tenggara Barat,284,5202,KAB. LOMBOK TENGAH
18,5200,Nusa Tenggara Barat,285,5203,KAB. LOMBOK TIMUR
18,5200,Nusa Tenggara Barat,290,5208,KAB. LOMBOK UTARA
18,5200,Nusa Tenggara Barat,286,5204,KAB. SUMBAWA
18,5200,Nusa Tenggara Barat,289,5207,KAB. SUMBAWA BARAT
18,5200,Nusa Tenggara Barat,292,5272,KOTA BIMA
18,5200,Nusa Tenggara Barat,291,5271,KOTA MATARAM
19,5300,Nusa Tenggara Timur,298,5306,KAB. BELU
19,5300,Nusa Tenggara Timur,303,5311,KAB. ENDE
19,5300,Nusa Tenggara Timur,301,5309,KAB. FLORES TIMUR
19,5300,Nusa Tenggara Timur,300,5308,KAB. LEMBATA
19,5300,Nusa Tenggara Timur,305,5313,KAB. MANGGARAI
19,5300,Nusa Tenggara Timur,307,5315,KAB. MANGGARAI BARAT
19,5300,Nusa Tenggara Timur,304,5312,KAB. NGADA
19,5300,Nusa Tenggara Timur,302,5310,KAB. SIKKA
19,5300,Nusa Tenggara Timur,293,5301,KAB. SUMBA BARAT
19,5300,Nusa Tenggara Timur,294,5302,KAB. SUMBA TIMUR
19,5300,Nusa Tenggara Timur,296,5304,KAB. TIMOR TENGAH SELATAN
19,5300,Nusa Tenggara Timur,297,5305,KAB. TIMOR TENGAH UTARA
19,5300,Nusa Tenggara Timur,313,5371,KOTA KUPANG
20,6100,Kalimantan Barat,316,6102,KAB. BENGKAYANG
20,6100,Kalimantan Barat,321,6108,KAB. KAPUAS HULU
20,6100,Kalimantan Barat,319,6106,KAB. KETAPANG
20,6100,Kalimantan Barat,328,6174,KAB. KUBU RAYA
20,6100,Kalimantan Barat,317,6103,KAB. LANDAK
20,6100,Kalimantan Barat,323,6110,KAB. MELAWI
20,6100,Kalimantan Barat,325,6112,KAB. MEMPAWAH
20,6100,Kalimantan Barat,315,6101,KAB. SAMBAS
20,6100,Kalimantan Barat,318,6105,KAB. SANGGAU
20,6100,Kalimantan Barat,322,6109,KAB. SEKADAU
20,6100,Kalimantan Barat,320,6107,KAB. SINTANG
20,6100,Kalimantan Barat,326,6171,KOTA PONTIANAK
20,6100,Kalimantan Barat,327,6172,KOTA SINGKAWANG
21,6200,Kalimantan Tengah,332,6204,KAB. BARITO SELATAN
21,6200,Kalimantan Tengah,340,6212,KAB. BARITO TIMUR
21,6200,Kalimantan Tengah,333,6205,KAB. BARITO UTARA
21,6200,Kalimantan Tengah,339,6211,KAB. GUNUNG MAS
21,6200,Kalimantan Tengah,331,6203,KAB. KAPUAS
21,6200,Kalimantan Tengah,337,6209,KAB. KATINGAN
21,6200,Kalimantan Tengah,329,6201,KAB. KOTAWARINGIN BARAT
21,6200,Kalimantan Tengah,330,6202,KAB. KOTAWARINGIN TIMUR
21,6200,Kalimantan Tengah,335,6207,KAB. LAMANDAU
21,6200,Kalimantan Tengah,341,6213,KAB. MURUNG RAYA
21,6200,Kalimantan Tengah,334,6206,KAB. SUKAMARA
21,6200,Kalimantan Tengah,342,6271,KOTA PALANGKARAYA
22,6300,Kalimantan Selatan,353,6311,KAB. BALANGAN
22,6300,Kalimantan Selatan,345,6303,KAB. BANJAR
22,6300,Kalimantan Selatan,346,6304,KAB. BARITO KUALA
22,6300,Kalimantan Selatan,348,6306,KAB. HULU SUNGAI SELATAN
22,6300,Kalimantan Selatan,349,6307,KAB. HULU SUNGAI TENGAH
22,6300,Kalimantan Selatan,350,6308,KAB. HULU SUNGAI UTARA
22,6300,Kalimantan Selatan,344,6302,KAB. KOTABARU
22,6300,Kalimantan Selatan,351,6309,KAB. TABALONG
22,6300,Kalimantan Selatan,352,6310,KAB. TANAH BUMBU
22,6300,Kalimantan Selatan,343,6301,KAB. TANAH LAUT
22,6300,Kalimantan Selatan,347,6305,KAB. TAPIN
22,6300,Kalimantan Selatan,355,6372,KOTA BANJARBARU
22,6300,Kalimantan Selatan,354,6371,KOTA BANJARMASIN
23,6400,Kalimantan Timur,360,6405,KAB. BERAU
23,6400,Kalimantan Timur,357,6402,KAB. KUTAI BARAT
23,6400,Kalimantan Timur,358,6403,KAB. KUTAI KARTANEGARA
23,6400,Kalimantan Timur,359,6404,KAB. KUTAI TIMUR
23,6400,Kalimantan Timur,356,6401,KAB. PASER
23,6400,Kalimantan Timur,361,6409,KAB. PENAJAM PASER UTARA
23,6400,Kalimantan Timur,363,6471,KOTA BALIKPAPAN
23,6400,Kalimantan Timur,365,6474,KOTA BONTANG
23,6400,Kalimantan Timur,364,6472,KOTA SAMARINDA
24,7100,Sulawesi Utara,371,7101,KAB. BOLAANG MONGONDOW
24,7100,Sulawesi Utara,384,7176,KAB. BOLAANG MONGONDOW SELATAN
24,7100,Sulawesi Utara,383,7175,KAB. BOLAANG MONGONDOW TIMUR
24,7100,Sulawesi Utara,377,7107,KAB. BOLAANG MONGONDOW UTARA
24,7100,Sulawesi Utara,385,7177,KAB. KEP. SIAU TAGULANDANG BIARO
24,7100,Sulawesi Utara,373,7103,KAB. KEPULAUAN SANGIHE
24,7100,Sulawesi Utara,374,7104,KAB. KEPULAUAN TALAUD
24,7100,Sulawesi Utara,372,7102,KAB. MINAHASA
24,7100,Sulawesi Utara,375,7105,KAB. MINAHASA SELATAN
24,7100,Sulawesi Utara,378,7109,KAB. MINAHASA TENGGARA
24,7100,Sulawesi Utara,376,7106,KAB. MINAHASA UTARA
24,7100,Sulawesi Utara,380,7172,KOTA BITUNG
24,7100,Sulawesi Utara,382,7174,KOTA KOTAMOBAGU
24,7100,Sulawesi Utara,379,7171,KOTA MANADO
24,7100,Sulawesi Utara,381,7173,KOTA TOMOHON
25,7200,Sulawesi Tengah,387,7202,KAB. BANGGAI
25,7200,Sulawesi Tengah,386,7201,KAB. BANGGAI KEPULAUAN
25,7200,Sulawesi Tengah,396,7211,KAB. BANGGAI LAUT
25,7200,Sulawesi Tengah,392,7207,KAB. BUOL
25,7200,Sulawesi Tengah,390,7205,KAB. DONGGALA
25,7200,Sulawesi Tengah,388,7203,KAB. MOROWALI
25,7200,Sulawesi Tengah,397,7212,KAB. MOROWALI UTARA
25,7200,Sulawesi Tengah,393,7208,KAB. PARIGI MOUTONG
25,7200,Sulawesi Tengah,389,7204,KAB. POSO
25,7200,Sulawesi Tengah,395,7210,KAB. SIGI
25,7200,Sulawesi Tengah,394,7209,KAB. TOJO UNA UNA
25,7200,Sulawesi Tengah,391,7206,KAB. TOLI TOLI
25,7200,Sulawesi Tengah,398,7271,KOTA PALU
26,7300,Sulawesi Selatan,401,7303,KAB. BANTAENG
26,7300,Sulawesi Selatan,409,7311,KAB. BONE
26,7300,Sulawesi Selatan,400,7302,KAB. BULUKUMBA
26,7300,Sulawesi Selatan,404,7306,KAB. GOWA
26,7300,Sulawesi Selatan,402,7304,KAB. JENEPONTO
26,7300,Sulawesi Selatan,399,7301,KAB. KEPULAUAN SELAYAR
26,7300,Sulawesi Selatan,415,7317,KAB. LUWU
26,7300,Sulawesi Selatan,418,7325,KAB. LUWU TIMUR
26,7300,Sulawesi Selatan,417,7322,KAB. LUWU UTARA
26,7300,Sulawesi Selatan,406,7308,KAB. MAROS
26,7300,Sulawesi Selatan,407,7309,KAB. PANGKAJENE KEPULAUAN
26,7300,Sulawesi Selatan,413,7315,KAB. PINRANG
26,7300,Sulawesi Selatan,412,7314,KAB. SIDENRENG RAPPANG
26,7300,Sulawesi Selatan,405,7307,KAB. SINJAI
26,7300,Sulawesi Selatan,410,7312,KAB. SOPPENG
26,7300,Sulawesi Selatan,403,7305,KAB. TAKALAR
26,7300,Sulawesi Selatan,416,7318,KAB. TANA TORAJA
26,7300,Sulawesi Selatan,419,7326,KAB. TORAJA UTARA
26,7300,Sulawesi Selatan,411,7313,KAB. WAJO
26,7300,Sulawesi Selatan,420,7371,KOTA MAKASSAR
26,7300,Sulawesi Selatan,422,7373,KOTA PALOPO
26,7300,Sulawesi Selatan,421,7372,KOTA PARE PARE
27,7400,Sulawesi Tenggara,428,7406,KAB. BOMBANA
27,7400,Sulawesi Tenggara,423,7401,KAB. BUTON
27,7400,Sulawesi Tenggara,439,7477,KAB. BUTON SELATAN
27,7400,Sulawesi Tenggara,438,7476,KAB. BUTON TENGAH
27,7400,Sulawesi Tenggara,431,7409,KAB. BUTON UTARA
27,7400,Sulawesi Tenggara,426,7404,KAB. KOLAKA
27,7400,Sulawesi Tenggara,435,7473,KAB. KOLAKA TIMUR
27,7400,Sulawesi Tenggara,430,7408,KAB. KOLAKA UTARA
27,7400,Sulawesi Tenggara,425,7403,KAB. KONAWE
27,7400,Sulawesi Tenggara,436,7474,KAB. KONAWE KEPULAUAN
27,7400,Sulawesi Tenggara,427,7405,KAB. KONAWE SELATAN
27,7400,Sulawesi Tenggara,432,7410,KAB. KONAWE UTARA
27,7400,Sulawesi Tenggara,424,7402,KAB. MUNA
27,7400,Sulawesi Tenggara,437,7475,KAB. MUNA BARAT
27,7400,Sulawesi Tenggara,433,7471,KOTA KENDARI
28,7500,Gorontalo,440,7501,KAB. BOALEMO
28,7500,Gorontalo,443,7504,KAB. BONE BOLANGO
28,7500,Gorontalo,441,7502,KAB. GORONTALO
28,7500,Gorontalo,444,7505,KAB. GORONTALO UTARA
28,7500,Gorontalo,442,7503,KAB. POHUWATO
28,7500,Gorontalo,445,7571,KOTA GORONTALO
29,7600,Sulawesi Barat,446,7601,KAB. MAJENE
29,7600,Sulawesi Barat,449,7604,KAB. MAMUJU
29,7600,Sulawesi Barat,451,7607,KAB. MAMUJU TENGAH
29,7600,Sulawesi Barat,450,7605,KAB. MAMUJU UTARA
29,7600,Sulawesi Barat,447,7602,KAB. POLEWALI MANDAR
30,8100,Maluku,459,8108,KAB. MALUKU BARAT DAYA
30,8100,Maluku,454,8103,KAB. MALUKU TENGAH
30,8100,Maluku,453,8102,KAB. MALUKU TENGGARA
30,8100,Maluku,452,8101,KAB. MALUKU TENGGARA BARAT
30,8100,Maluku,461,8171,KOTA AMBON
30,8100,Maluku,462,8172,KOTA TUAL
31,8200,Maluku Utara,463,8201,KAB. HALMAHERA BARAT
31,8200,Maluku Utara,466,8204,KAB. HALMAHERA SELATAN
31,8200,Maluku Utara,464,8202,KAB. HALMAHERA TENGAH
31,8200,Maluku Utara,468,8206,KAB. HALMAHERA TIMUR
31,8200,Maluku Utara,467,8205,KAB. HALMAHERA UTARA
31,8200,Maluku Utara,465,8203,KAB. KEPULAUAN SULA
31,8200,Maluku Utara,469,8207,KAB. PULAU MOROTAI
31,8200,Maluku Utara,470,8208,KAB. PULAU TALIABU
31,8200,Maluku Utara,471,8271,KOTA TERNATE
31,8200,Maluku Utara,472,8272,KOTA TIDORE KEPULAUAN
32,9100,Papua,491,9106,KAB. BIAK NUMFOR
32,9100,Papua,488,9103,KAB. JAYAPURA
32,9100,Papua,514,9171,KOTA JAYAPURA
33,9400,Papua Tengah,494,9404,KAB. MIMIKA
33,9400,Papua Tengah,489,9401,KAB. NABIRE
34,6500,Kalimantan Utara,367,6502,KAB. BULUNGAN
34,6500,Kalimantan Utara,366,6501,KAB. MALINAU
34,6500,Kalimantan Utara,369,6504,KAB. NUNUKAN
34,6500,Kalimantan Utara,370,6571,KOTA TARAKAN
35,9900,Timor Leste,519,9901,DILI CITY
36,9200,Papua Barat,473,9203,KAB. FAK FAK
36,9200,Papua Barat,474,9208,KAB. KAIMANA
36,9200,Papua Barat,477,9202,KAB. MANOKWARI
37,9300,Papua Selatan,486,9301,KAB. MERAUKE
39,9600,Papua Barat Daya,479,9601,KAB. SORONG
39,9600,Papua Barat Daya,485,9671,KOTA SORONG
38,9500,Papua Pegunungan,,,
